Num,Name,Image1,Image2,Image3,Image4,Image5,Image6,Image7,Image8,Image9
1,Titolo di Prova,assets/01.jpg,assets/02.jpg,assets/03.jpg,assets/04.jpg,assets/05.jpg,assets/06.jpg,assets/07.jpg,assets/08.jpg,assets/09.jpg
2,Titolo Prova 2,assets/01.jpg,assets/02.jpg,assets/03.jpg,assets/04.jpg,assets/05.jpg,assets/06.jpg,assets/07.jpg,assets/08.jpg,assets/09.jpg
3,Titolo di prova 3,assets/01.jpg,assets/02.jpg,assets/03.jpg,assets/04.jpg,assets/05.jpg,assets/06.jpg,assets/07.jpg,assets/08.jpg,assets/09.jpg
4,Titolo di prova 4,assets/01.jpg,assets/02.jpg,assets/03.jpg,assets/04.jpg,assets/05.jpg,assets/06.jpg,assets/07.jpg,assets/08.jpg,assets/09.jpg
5,Titolo di prova 5,assets/01.jpg,assets/02.jpg,assets/03.jpg,assets/04.jpg,assets/05.jpg,assets/06.jpg,assets/07.jpg,assets/08.jpg,assets/09.jpg
6,Titolo di prova 6,assets/01.jpg,assets/02.jpg,assets/03.jpg,assets/04.jpg,assets/05.jpg,assets/06.jpg,assets/07.jpg,assets/08.jpg,assets/09.jpg
7,Titolo di prova 7,assets/01.jpg,assets/02.jpg,assets/03.jpg,assets/04.jpg,assets/05.jpg,assets/06.jpg,assets/07.jpg,assets/08.jpg,assets/09.jpg
8,Titolo di prova 8,assets/01.jpg,assets/02.jpg,assets/03.jpg,assets/04.jpg,assets/05.jpg,assets/06.jpg,assets/07.jpg,assets/08.jpg,assets/09.jpg
9,Titolo di prova 9,assets/01.jpg,assets/02.jpg,assets/03.jpg,assets/04.jpg,assets/05.jpg,assets/06.jpg,assets/07.jpg,assets/08.jpg,assets/09.jpg
10,Titolo di prova 10,assets/01.jpg,assets/02.jpg,assets/03.jpg,assets/04.jpg,assets/05.jpg,assets/06.jpg,assets/07.jpg,assets/08.jpg,assets/09.jpg
11,Titolo di prova 11,assets/01.jpg,assets/02.jpg,assets/03.jpg,assets/04.jpg,assets/05.jpg,assets/06.jpg,assets/07.jpg,assets/08.jpg,assets/09.jpg
12,Titolo di prova 12,assets/01.jpg,assets/02.jpg,assets/03.jpg,assets/04.jpg,assets/05.jpg,assets/06.jpg,assets/07.jpg,assets/08.jpg,assets/09.jpg
13,Titolo di prova 13,assets/01.jpg,assets/02.jpg,assets/03.jpg,assets/04.jpg,assets/05.jpg,assets/06.jpg,assets/07.jpg,assets/08.jpg,assets/09.jpg
14,Titolo di prova 14,assets/01.jpg,assets/02.jpg,assets/03.jpg,assets/04.jpg,assets/05.jpg,assets/06.jpg,assets/07.jpg,assets/08.jpg,assets/09.jpg
15,Titolo di prova 15,assets/01.jpg,assets/02.jpg,assets/03.jpg,assets/04.jpg,assets/05.jpg,assets/06.jpg,assets/07.jpg,assets/08.jpg,assets/09.jpg
16,Titolo di prova 16,assets/01.jpg,assets/02.jpg,assets/03.jpg,assets/04.jpg,assets/05.jpg,assets/06.jpg,assets/07.jpg,assets/08.jpg,assets/09.jpg
17,Titolo di prova 17,assets/01.jpg,assets/02.jpg,assets/03.jpg,assets/04.jpg,assets/05.jpg,assets/06.jpg,assets/07.jpg,assets/08.jpg,assets/09.jpg
18,Titolo di prova 18,assets/01.jpg,assets/02.jpg,assets/03.jpg,assets/04.jpg,assets/05.jpg,assets/06.jpg,assets/07.jpg,assets/08.jpg,assets/09.jpg
19,Titolo di prova 19,assets/01.jpg,assets/02.jpg,assets/03.jpg,assets/04.jpg,assets/05.jpg,assets/06.jpg,assets/07.jpg,assets/08.jpg,assets/09.jpg
20,Titolo di prova 20,assets/01.jpg,assets/02.jpg,assets/03.jpg,assets/04.jpg,assets/05.jpg,assets/06.jpg,assets/07.jpg,assets/08.jpg,assets/09.jpg
21,Titolo di prova 21,assets/01.jpg,assets/02.jpg,assets/03.jpg,assets/04.jpg,assets/05.jpg,assets/06.jpg,assets/07.jpg,assets/08.jpg,assets/09.jpg
22,Titolo di prova 22,assets/01.jpg,assets/02.jpg,assets/03.jpg,assets/04.jpg,assets/05.jpg,assets/06.jpg,assets/07.jpg,assets/08.jpg,assets/09.jpg
23,Titolo di prova 23,assets/01.jpg,assets/02.jpg,assets/03.jpg,assets/04.jpg,assets/05.jpg,assets/06.jpg,assets/07.jpg,assets/08.jpg,assets/09.jpg
24,Titolo di prova 24,assets/01.jpg,assets/02.jpg,assets/03.jpg,assets/04.jpg,assets/05.jpg,assets/06.jpg,assets/07.jpg,assets/08.jpg,assets/09.jpg
25,Titolo di prova 25,assets/01.jpg,assets/02.jpg,assets/03.jpg,assets/04.jpg,assets/05.jpg,assets/06.jpg,assets/07.jpg,assets/08.jpg,assets/09.jpg
26,Titolo di prova 26,assets/01.jpg,assets/02.jpg,assets/03.jpg,assets/04.jpg,assets/05.jpg,assets/06.jpg,assets/07.jpg,assets/08.jpg,assets/09.jpg
27,Titolo di prova 27,assets/01.jpg,assets/02.jpg,assets/03.jpg,assets/04.jpg,assets/05.jpg,assets/06.jpg,assets/07.jpg,assets/08.jpg,assets/09.jpg
28,Titolo di prova 28,assets/01.jpg,assets/02.jpg,assets/03.jpg,assets/04.jpg,assets/05.jpg,assets/06.jpg,assets/07.jpg,assets/08.jpg,assets/09.jpg
29,Titolo di prova 29,assets/01.jpg,assets/02.jpg,assets/03.jpg,assets/04.jpg,assets/05.jpg,assets/06.jpg,assets/07.jpg,assets/08.jpg,assets/09.jpg
30,Titolo di prova 30,assets/01.jpg,assets/02.jpg,assets/03.jpg,assets/04.jpg,assets/05.jpg,assets/06.jpg,assets/07.jpg,assets/08.jpg,assets/09.jpg
31,Titolo di prova 31,assets/01.jpg,assets/02.jpg,assets/03.jpg,assets/04.jpg,assets/05.jpg,assets/06.jpg,assets/07.jpg,assets/08.jpg,assets/09.jpg