Num,Name,Date,Cliente,Description,Image
1,Titolo di Prova,10.2.09,Cliente01,LoremIpsum,assets/1.png
2,Titolo Prova 2,6.12.09,Cliente02,LoremIpsum,assets/2.png
3,Titolo di prova 3,5.3.10,Cliente03,LoremIpsum,assets/3.png
4,Titolo di prova 4,5.3.11,Cliente04,LoremIpsum,assets/4.png
5,Titolo di prova 5,5.3.12,Cliente05,LoremIpsum,assets/5.png
6,Titolo di prova 6,5.3.13,Cliente06,LoremIpsum,assets/6.png
7,Titolo di prova 7,5.3.14,Cliente07,LoremIpsum,assets/7.png
8,Titolo di prova 8,5.3.15,Cliente08,LoremIpsum,assets/8.png
9,Titolo di prova 9,5.3.16,Cliente09,LoremIpsum,assets/9.png
10,Titolo di prova 10,5.3.17,Cliente10,LoremIpsum,assets/10.png
11,Titolo di prova 11,5.3.18,Cliente11,LoremIpsum,assets/11.png
12,Titolo di prova 12,5.3.19,Cliente12,LoremIpsum,assets/12.png
13,Titolo di prova 13,5.3.20,Cliente13,LoremIpsum,assets/13.png
14,Titolo di prova 14,5.3.21,Cliente14,LoremIpsum,assets/14.png
15,Titolo di prova 15,5.3.22,Cliente15,LoremIpsum,assets/15.png
16,Titolo di prova 16,5.3.23,Cliente16,LoremIpsum,assets/16.png
17,Titolo di prova 17,5.3.24,Cliente17,LoremIpsum,assets/17.png